,Iteration to converge,Max V,Mean V,Optimal policy reward
0,3,111.09876698289936,1.129458668014608,1.297
1,4,133.28896105453967,1.2385149829027235,1.396
2,50,991.1224120996278,14.773695832787286,6.048
3,479,9103.66019052493,852.1035912170499,38.62
