,Mean Reward,Mean dQ,Max V,Mean V,Optimal policy reward
0,1.0,0.9807763565209301,1.0,0.098,1.781
1,1.206,0.6677085164967923,10.0,0.659,1.009
2,1.018,0.0031393152286521486,10.0,1.008138542228905,1.0
3,1.709,0.017315161908704173,87.95590523980457,1.1232917020730817,1.297
4,1.309,0.0051567355983043505,145.64286643362416,1.2840433955813935,1.693
5,1.215,0.0642285853160299,1056.9903705244346,6.37308029072351,2.485
