,Iteration to converge,Max V,Mean V,Optimal policy reward
0,5,111.09767254846031,1.129454361840081,1.297
1,8,133.286974791054,1.2384909527383132,1.396
2,129,991.1214159840487,14.773640912166048,6.148
3,1458,9103.659349165942,852.1031782786298,39.42
