,Iteration to converge,Max V,Mean V,Optimal policy reward
0,2,0.34444444444444444,0.01111111111111111,0.0
1,4,0.3665123456790123,0.012638044945987652,0.0
2,45,0.6303669449960765,0.05607337482502546,0.745
3,296,0.87775280763035,0.33692971681551676,0.909
